type,title,link,multilang
样机图文专题,Mailer box mockup generator,https://www.pacdora.com/tools/3d-mailer-box-mockup-generator,无
样机图文专题,Paper bag mockup generator,https://www.pacdora.com/tools/3d-paper-bag-mockup-generator,无
样机图文专题,Folder mockup generator,https://www.pacdora.com/tools/3d-folder-mockup-generator,无
样机图文专题,Glass bottle mockup generator,https://www.pacdora.com/tools/3d-glass-bottle-mockup-generator,无
样机图文专题,Beer bottle mockup generator,https://www.pacdora.com/tools/3d-beer-bottle-mockup-generator,无
样机图文专题,Spray bottle mockup generator,https://www.pacdora.com/tools/3d-spray-bottle-mockup-generator,无
样机图文专题,wine bottle mockup generator,https://www.pacdora.com/tools/3d-wine-bottle-mockup-generator,无
样机图文专题,Shipping box mockup generator,https://www.pacdora.com/tools/3d-shipping-box-mockup-generator,无
样机图文专题,Coffee bag mockup generator,https://www.pacdora.com/tools/3d-coffee-bag-mockup-generator,无
样机图文专题,Card mockup generator,https://www.pacdora.com/tools/3d-card-mockup-generator,有多语言
样机图文专题,Envelope mockup generator,https://www.pacdora.com/tools/3d-envelope-mockup-generator,无
样机图文专题,Cup mockup generator,https://www.pacdora.com/tools/3d-cup-mockup-generator,有多语言
样机工具页,Magazine mockup generator,https://www.pacdora.com/tools/3d-magazine-mockup-generator,有多语言
样机图文专题,Square box mockup generator,https://www.pacdora.com/tools/3d-square-box-mockup-generator,有多语言
样机图文专题,tube mockup generator,https://www.pacdora.com/tools/3d-tube-mockup-generator,无
样机图文专题,Jar mockup generator,https://www.pacdora.com/tools/3d-jar-mockup-generator,有多语言
样机图文专题,Bag mockup generator,https://www.pacdora.com/tools/3d-bag-mockup-generator,有多语言
样机工具页,Bottle mockup generator,https://www.pacdora.com/tools/3d-bottle-mockup-generator,有多语言
样机图文专题,3D box mockup generator,https://www.pacdora.com/tools/3d-box-mockup-generator,有多语言
样机图文专题,Pouch mockup generator,https://www.pacdora.com/tools/3d-pouch-mockup-generator,有多语言
样机工具页,3D book mockup generator,https://www.pacdora.com/tools/3d-book-mockup-generator,有多语言
样机工具页,iPhone 16 mockup generator,https://www.pacdora.com/tools/iphone-16-mockup-generator,无
样机工具页,iPhone 16 Plus mockup generator,https://www.pacdora.com/tools/iphone-16-plus-mockup-generator,无
样机工具页,iPhone 16 Pro Max mockup generator,https://www.pacdora.com/tools/iphone-16-pro-max-mockup-generator,无
样机工具页,Can mockup generator,https://www.pacdora.com/tools/3d-can-mockup-generator,有多语言
样机工具页,iPhone 16 Pro mockup generator,https://www.pacdora.com/tools/3d-iphone-16-pro-mockup-generator,无
样机工具页,iPhone 15 mockup generator,https://www.pacdora.com/tools/3d-iphone-15-mockup-generator,无
样机工具页,Pizza box mockup generator,https://www.pacdora.com/tools/3d-pizza-box-mockup-generator,有多语言
样机工具页,shopping bag mockup generator,https://www.pacdora.com/tools/3d-shopping-bag-mockup-generator,有多语言
样机工具页,iPhone mockup generator,https://www.pacdora.com/tools/3d-iphone-mockup-generator,有多语言
样机工具页,T-shirt mockup generator,https://www.pacdora.com/tools/3d-t-shirt-mockup-generator,有多语言
刀版工具页,Barbie box template maker,https://www.pacdora.com/tools/barbie-box-template-maker,无
刀版工具页,Gift box template maker,https://www.pacdora.com/tools/gift-box-template-maker,无
刀版工具页,Printable box template maker,https://www.pacdora.com/tools/printable-box-template-maker,无
刀版工具页,Rectangle box template maker,https://www.pacdora.com/tools/rectangle-box-template-maker,无
刀版工具页,Envelope template maker,https://www.pacdora.com/tools/envelope-template-maker,有多语言
刀版工具页,Paper box template maker,https://www.pacdora.com/tools/paper-box-template-maker,有多语言
刀版工具页,Box template maker,https://www.pacdora.com/tools/box-template-maker,有多语言
条形码/二维码小工具,UPC-A Barcode generator,https://www.pacdora.com/tools/barcode-generator_upc-a,有多语言
条形码/二维码小工具,EAN-13 Barcode generator,https://www.pacdora.com/tools/barcode-generator_ean-13,有多语言
条形码/二维码小工具,EAN-8 Barcode generator,https://www.pacdora.com/tools/barcode-generator_ean-8,有多语言
条形码/二维码小工具,Code 128 Barcode generator,https://www.pacdora.com/tools/barcode-generator_code-128,有多语言
条形码/二维码小工具,Code 39 Barcode generator,https://www.pacdora.com/tools/barcode-generator_code-39,有多语言
条形码/二维码小工具,QR code generator,https://www.pacdora.com/tools/qrcode-generator,有多语言
竞品对比页,Placeit mockup,https://www.pacdora.com/3d-placeit,有多语言
竞品对比页,Free Placeit mockup,https://www.pacdora.com/free-placeit,有多语言
竞品对比页,Canva mockup,https://www.pacdora.com/3d-canva,无
竞品对比页,Freepik mockup,https://www.pacdora.com/3d-freepik,无
竞品对比页,Bendito mockup,https://www.pacdora.com/3d-bendito-mockup,无
竞品对比页,Renderforest mockup,https://www.pacdora.com/3d-renderforest,无
竞品对比页,3D model,https://www.pacdora.com/3d-model,有多语言
竞品对比页,Mockup world,https://www.pacdora.com/3d-mockup-world,有多语言
,tools聚合页,https://www.pacdora.com/tools,有多语言
刀版工具页,Popcorn box template maker,https://www.pacdora.com/tools/popcorn-box-template,无
刀版工具页,Cardboard box template maker,https://www.pacdora.com/tools/cardboard-box-template,无
刀版工具页,Gable box template,https://www.pacdora.com/tools/gable-box-template,无
刀版工具页,Shopping bag template,https://www.pacdora.com/tools/shopping-bag-template,无
刀版工具页,Mailer box template,https://www.pacdora.com/tools/mailer-box-template,无
样机内容专题页,Food packaging design,https://www.pacdora.com/resource/food-packaging-design,无
样机内容专题页,Box design,https://www.pacdora.com/resource/box-design,无
样机内容专题页,Packaging design,https://www.pacdora.com/resource/packaging-design,无
样机图文专题,Mockup generator,https://www.pacdora.com/tools/mockup-generator,有多语言
刀版内容专题页,Dieline generator,https://www.pacdora.com/tools/dieline-generator,有多语言
,3D modeling software,https://www.pacdora.com/3d-creator,有多语言
,AI background generator,https://www.pacdora.com/tools/ai-background-generator,有多语言
竞品对比页,Free Maison Mockup,https://www.pacdora.com/resource/free-mockup-maison,无
竞品对比页,Free Mr.Mockup,https://www.pacdora.com/resource/free-mrmockup,无
刀版内容专题页,Packaging template,https://www.pacdora.com/resource/packaging-template,无
刀版工具页,Box with lid template,https://www.pacdora.com/tools/box-with-lid-template,无
刀版工具页,Book box template,https://www.pacdora.com/tools/book-box-template,无
刀版工具页,Cereal box template,https://www.pacdora.com/tools/cereal-box-template,无
刀版工具页,Hang tag template,https://www.pacdora.com/tools/hang-tag-template,无
刀版工具页,Paper bag template,https://www.pacdora.com/tools/paper-bag-template,无
刀版工具页,Pizza box template,https://www.pacdora.com/tools/pizza-box-template,无
刀版工具页,Shipping box template,https://www.pacdora.com/tools/shipping-box-template,无
刀版工具页,Take out box template,https://www.pacdora.com/tools/take-out-box-template,无
刀版工具页,Tuck box template,https://www.pacdora.com/tools/tuck-box-template,无
竞品对比页,Free Unblast,https://www.pacdora.com/resource/free-unblast,无
竞品对比页,Free Mediamodifier,https://www.pacdora.com/resource/free-mediamodifier,无
竞品对比页,Free Artboard Studio,https://www.pacdora.com/resource/free-artboard-studio,无
样机内容专题页,Shirt mockup,https://www.pacdora.com/resource/shirt-mockup,无
样机内容专题页,White t shirt mockup,https://www.pacdora.com/resource/white-t-shirt-mockup,无
样机内容专题页,Mockup design,https://www.pacdora.com/resource/mockup-design,无
样机内容专题页,Pizza box design,https://www.pacdora.com/resource/pizza-box-design,无
样机内容专题页,Coffee cup mockup,https://www.pacdora.com/resource/coffee-cup-mockup,无
样机工具页,Book cover maker,https://www.pacdora.com/tools/book-cover-maker,无
样机工具页,T-shirt design,https://www.pacdora.com/tools/t-shirt-design,无
样机工具页,Hoodie mockup generator,https://www.pacdora.com/tools/hoodie-mockup-generator,无
样机工具页,Customizable shipping boxes,https://www.pacdora.com/tools/customizable-shipping-boxes,无
样机工具页,Customizable packaging boxes,https://www.pacdora.com/tools/customizable-packaging-boxes,无
样机内容专题页,Mailer box design,https://www.pacdora.com/resource/mailer-box-design,无
样机内容专题页,Coffee bag design,https://www.pacdora.com/resource/coffee-bag-design,无
刀版工具页,Cigarette box template,https://www.pacdora.com/tools/cigarette-box-template,无
刀版工具页,Blind box template,https://www.pacdora.com/tools/blind-box-template,无
刀版工具页,Display box template,https://www.pacdora.com/tools/display-box-template,无
刀版工具页,Donut box template,https://www.pacdora.com/tools/donut-box-template,无
刀版工具页,Square box template,https://www.pacdora.com/tools/square-box-template,无
刀版工具页,Candy box template,https://www.pacdora.com/tools/candy-box-template,无
刀版工具页,Hexagon box template,https://www.pacdora.com/tools/hexagon-box-template,无
刀版工具页,Shoe box template,https://www.pacdora.com/tools/shoe-box-template,无
刀版工具页,Playing card box template,https://www.pacdora.com/tools/playing-card-box-template,无
刀版工具页,Burger box template,https://www.pacdora.com/tools/burger-box-template,无
刀版内容专题页,Box cut out pattern,https://www.pacdora.com/resource/box-cut-out-pattern,无
刀版工具页,Polygonal box template,https://www.pacdora.com/tools/polygonal-box-template,无
刀版工具页,3D star template,https://www.pacdora.com/tools/3d-star-template,无
刀版工具页,Paper tray template,https://www.pacdora.com/tools/paper-tray-template,无
刀版工具页,Cube template,https://www.pacdora.com/tools/cube-template,无
刀版工具页,Milk carton template,https://www.pacdora.com/tools/milk-carton-template,无
刀版工具页,Gift bag template,https://www.pacdora.com/tools/gift-bag-template,无
刀版工具页,Pillow box template,https://www.pacdora.com/tools/pillow-box-template,无
刀版工具页,Matchbox template,https://www.pacdora.com/tools/matchbox-template,无
刀版工具页,Present box template,https://www.pacdora.com/tools/present-box-template,无
刀版工具页,Treat box template,https://www.pacdora.com/tools/treat-box-template,无
样机工具页,Custom perfume bottle,https://www.pacdora.com/tools/custom-perfume-bottle,无
样机工具页,Custom polo shirts,https://www.pacdora.com/tools/custom-polo-shirts,无
样机工具页,Custom trucker hat,https://www.pacdora.com/tools/custom-trucker-hat,无
样机工具页,Custom clothing,https://www.pacdora.com/tools/custom-clothing,无
样机工具页,Custom hat design,https://www.pacdora.com/tools/custom-hat-design,无
样机工具页,Custom envelope,https://www.pacdora.com/tools/custom-envelope,无
样机工具页,Hoodie design,https://www.pacdora.com/tools/hoodie-design,无
样机内容专题页,Custom products,https://www.pacdora.com/resource/custom-products,无
样机工具页,Design a cup,https://www.pacdora.com/tools/design-a-cup,无
样机内容专题页,Mockup black t-shirt,https://www.pacdora.com/resource/mockup-black-t-shirt,无
样机工具页,Mailer box custom,https://www.pacdora.com/tools/mailer-box-custom,无
样机内容专题页,Apparel design,https://www.pacdora.com/resource/apparel-design,无
样机工具页,Coffee cup design,https://www.pacdora.com/tools/coffee-cup-design,无
样机工具页,Clothing mockup generator,https://www.pacdora.com/tools/clothing-mockup-generator,无
样机工具页,Cardboard box design,https://www.pacdora.com/tools/cardboard-box-design,无
样机内容专题页,Packet mockup,https://www.pacdora.com/resource/packet-mockup,无
样机内容专题页,Giftbox design,https://www.pacdora.com/resource/giftbox-design,无
样机工具页,Packaging designer,https://www.pacdora.com/tools/packaging-designer,无
样机工具页,Bottle design,https://www.pacdora.com/tools/bottle-design,无
样机工具页,Custom folding boxes,https://www.pacdora.com/tools/custom-folding-box,无
样机内容专题页,Clothing tag mockup,https://www.pacdora.com/resource/clothing-tag-mockup,无
样机内容专题页,Blank mockup,https://www.pacdora.com/resource/blank-mockup,无
刀版工具页,Box with handle template,https://www.pacdora.com/tools/box-with-handle-template,无
刀版工具页,Blind bag template,https://www.pacdora.com/tools/blind-bag-template,无
刀版工具页,Pyramid box template,https://www.pacdora.com/tools/pyramid-box-template,无
刀版工具页,Gift card holder template,https://www.pacdora.com/tools/gift-card-holder-template,无
刀版工具页,Insert box template,https://www.pacdora.com/tools/insert-box-template,无
刀版工具页,Shadow box template,https://www.pacdora.com/tools/shadow-box-template,无
样机工具页,Design a subscription box,https://www.pacdora.com/tools/design-a-subscription-box,无
样机工具页,Customized paper bags,https://www.pacdora.com/tools/customized-paper-bags,无
样机工具页,Customize shoe box,https://www.pacdora.com/tools/customize-shoe-box,无
样机工具页,Notebook front cover design,https://www.pacdora.com/tools/notebook-front-cover-design,无
样机工具页,Black t shirt design,https://www.pacdora.com/tools/black-t-shirt-design,无
样机工具页,Design my business card,https://www.pacdora.com/tools/design-my-business-card,无
刀版内容专题页,Cricut templates,https://www.pacdora.com/resource/cricut-templates,无
刀版工具页,Custom soap boxes,https://www.pacdora.com/tools/custom-soap-boxes,无
刀版工具页,Cake packaging,https://www.pacdora.com/tools/cake-packaging,无
刀版工具页,Custom moving boxes,https://www.pacdora.com/tools/custom-moving-boxes,无
刀版工具页,Printable envelope template,https://www.pacdora.com/tools/printable-envelope-template,无
刀版工具页,Custom rigid boxes,https://www.pacdora.com/tools/custom-rigid-boxes,无
刀版工具页,Custom cardboard boxes,https://www.pacdora.com/tools/custom-cardboard-boxes,无
刀版工具页,Crayon box template,https://www.pacdora.com/tools/crayon-box-template,无
刀版工具页,Exploding box template,https://www.pacdora.com/tools/exploding-box-template,无
刀版工具页,Coffin box template,https://www.pacdora.com/tools/coffin-box-template,无
样机内容专题页,Food label design,https://www.pacdora.com/resource/food-label-design,无
样机工具页,Custom tote bags,https://www.pacdora.com/tools/custom-tote-bags,无
样机工具页,3D mockup generator,https://www.pacdora.com/tools/3d-mockup-generator,无
样机工具页,Custom sweatpants,https://www.pacdora.com/tools/custom-sweatpants,无
样机工具页,Personalized drinking glasses,https://www.pacdora.com/tools/personalized-drinking-glasses,无
样机工具页,Personalized lanyard keychain,https://www.pacdora.com/tools/personalized-lanyard-keychain,无
样机工具页,Custom lanyards with ID holder,https://www.pacdora.com/tools/custom-lanyards-with-id-holder,无
样机工具页,Customized YETI,https://www.pacdora.com/tools/customized-yeti,无
样机工具页,Customized tumbler,https://www.pacdora.com/tools/customized-tumbler,无
样机内容专题页,Cardboard box mockup,https://www.pacdora.com/resource/cardboard-box-mockup,无
刀版工具页,Cupcake box template,https://www.pacdora.com/tools/cupcake-box-template,无
刀版工具页,Custom clothing boxes,https://www.pacdora.com/tools/custom-clothing-boxes,无
刀版工具页,Custom mailer boxes,https://www.pacdora.com/tools/custom-mailer-boxes,无
刀版工具页,Custom display boxes,https://www.pacdora.com/tools/custom-display-boxes,无
刀版工具页,Easy origami star,https://www.pacdora.com/tools/easy-origami-star,无
刀版工具页,Custom subscription boxes,https://www.pacdora.com/tools/custom-subscription-boxes,无
刀版工具页,Folder template,https://www.pacdora.com/tools/folder-template,无
刀版工具页,Pizza box dieline,https://www.pacdora.com/tools/pizza-box-dieline,无
刀版内容专题页,Display packaging,https://www.pacdora.com/resource/display-packaging,无
刀版内容专题页,Custom food packaging,https://www.pacdora.com/resource/custom-food-packaging,无
样机工具页,Custom design water bottles,https://www.pacdora.com/tools/custom-design-water-bottles,无
样机图文专题,Lanyard customizer,https://www.pacdora.com/tools/lanyard-customizer,无
介绍页,Introduction to Pacdora 3D rendering technology,https://www.pacdora.com/introduction-to-pacdora-3d-rendering-technology,无
刀版工具页,Coffin outline,https://www.pacdora.com/tools/coffin-outline,无
刀版工具页,Custom matchboxes,https://www.pacdora.com/tools/custom-matchboxes,无
刀版工具页,Cone template,https://www.pacdora.com/tools/cone-template,无
刀版工具页,Custom box maker,https://www.pacdora.com/tools/custom-box-maker,无
刀版工具页,Free template maker,https://www.pacdora.com/tools/free-template-maker,无
刀版内容专题页,Box with lid,https://www.pacdora.com/resource/box-with-lid,无
刀版内容专题页,Free templates,https://www.pacdora.com/resource/free-templates,无
刀版内容专题页,Die cut box,https://www.pacdora.com/resource/die-cut-box,无
刀版内容专题页,Box with flap,https://www.pacdora.com/resource/box-with-flap,无
样机工具页,custom beanies,https://www.pacdora.com/tools/custom-beanies,无
样机工具页,custom folder,https://www.pacdora.com/tools/custom-folder,无
样机工具页,packaging toys,https://www.pacdora.com/tools/packaging-toys,无
样机内容专题页,flexible packaging,http://www.pacdora.com/resource/flexible-packaging,无
样机内容专题页,realistic mockups,http://www.pacdora.com/resource/realistic-mockups,无
样机工具页,personalized cups with lids,https://www.pacdora.com/tools/personalized-cups-with-lids,无
样机内容专题页,promotional products,http://www.pacdora.com/resource/promotional-products,无
样机工具页,custom box,https://www.pacdora.com/tools/custom-box,无
样机内容专题页,design a product,http://www.pacdora.com/resource/design-a-product,无
样机工具页,custom glassware,https://www.pacdora.com/tools/custom-glassware,无
样机内容专题页,custom packaging,https://www.pacdora.com/resource/custom-packaging,无
样机工具页,custom vinyl banners,https://www.pacdora.com/tools/custom-vinyl-banners,无
样机内容专题页,drinking packaging,https://www.pacdora.com/resource/drinking-packaging,无
样机工具页,design on sleeve,https://www.pacdora.com/tools/design-on-sleeve,无
样机内容专题页,free mockup templates,https://www.pacdora.com/resource/free-mockup-templates,无